Wall time,Step,Value
1624019150.646301,1,96.46399688720703
1624019369.7826,2,96.87999725341797
1624019589.6314516,3,97.02399444580078
1624019809.3618948,4,97.02399444580078
1624020028.3636782,5,96.97599792480469
1624020248.222885,6,96.78399658203125
1624020468.1342065,7,97.2959976196289
1624020688.1568894,8,96.95999908447266
1624020907.1275096,9,97.18399810791016
1624021125.8654048,10,97.08799743652344
1624021345.0452166,11,97.08799743652344
1624021564.5348685,12,97.08799743652344
1624021785.3078158,13,96.87999725341797
1624022004.0141985,14,97.1199951171875
1624022222.82101,15,97.3759994506836
