Wall time,Step,Value
1624000690.2560313,1,92.23999786376953
1624000859.023423,2,92.65599822998047
1624001023.679698,3,92.94400024414062
1624001188.007243,4,93.1520004272461
1624001351.8203554,5,93.08799743652344
1624001516.0542247,6,93.64799499511719
1624001679.4431098,7,93.21599578857422
1624001843.27334,8,93.80799865722656
1624002007.288615,9,93.23199462890625
1624002170.851473,10,93.71199798583984
1624002334.5091784,11,93.7439956665039
1624002498.353094,12,93.48799896240234
1624002662.5869493,13,93.63199615478516
1624002829.028268,14,93.69599914550781
1624003000.3366067,15,93.68000030517578
